{"lr": 0.01, "_timestamp": 1691034355.6767035, "_runtime": 1.6669213771820068, "_step": 7, "_wandb": {"runtime": 0}}