{"lr": 8.01, "_timestamp": 1691034392.1325073, "_runtime": 2.6970672607421875, "_step": 7, "_wandb": {"runtime": 0}}