{"accuracy": 0.9786789388401025, "loss": 0.09050874719190381, "_timestamp": 1691034260.2083886, "_runtime": 1.6134445667266846, "_step": 7, "_wandb": {"runtime": 0}}